"Time, s","Fuerza mover (1st):Global Rectangular [angulo_45]","Fuerza mover (1st):Global Rectangular [angulo_0]","Fuerza mover (1st):Global Rectangular [angulo_15]","Fuerza mover (1st):Global Rectangular [angulo_30]","Fuerza mover (1st):Global Rectangular [angulo_45]","Fuerza mover (1st):Global Rectangular [angulo_60]","Fuerza mover (1st):Global Rectangular [angulo_75]","Fuerza mover (1st):Global Rectangular [angulo_90]","Fuerza mover (1st):Global Rectangular [angulo_105]","Fuerza mover (1st):Global Rectangular [angulo_120]","Fuerza mover (1st):Global Rectangular [angulo_135]","Fuerza mover (1st):Global Rectangular [angulo_150]","Fuerza mover (1st):Global Rectangular [angulo_165]","Fuerza mover (1st):Global Rectangular [angulo_180]","Fuerza mover (1st):Global Rectangular [angulo_195]","Fuerza mover (1st):Global Rectangular [angulo_210]","Fuerza mover (1st):Global Rectangular [angulo_225]","Fuerza mover (1st):Global Rectangular [angulo_240]","Fuerza mover (1st):Global Rectangular [angulo_255]","Fuerza mover (1st):Global Rectangular [angulo_270]","Fuerza mover (1st):Global Rectangular [angulo_285]","Fuerza mover (1st):Global Rectangular [angulo_300]","Fuerza mover (1st):Global Rectangular [angulo_315]","Fuerza mover (1st):Global Rectangular [angulo_330]","Fuerza mover (1st):Global Rectangular [angulo_345]","Fuerza mover (1st):Global Rectangular [angulo_360]"
"0","268.169380681","168.387545363","232.671994699","270.139695435","268.169380681","228.825207963","171.588220846","111.736916604","61.108185482","26.1904277335","6.99412822927","-2.02724380212","-10.0768757022","-26.6903440854","-58.25045818","-105.85478651","-164.127344193","-221.944114476","-263.085234952","-267.33767032","-235.690004048","-177.252606697","-97.8975981114","-6.93913175833","85.1780861741","168.387545362"
"0.00101052631579","251.475957823","117.258527803","188.478679762","235.172900377","251.475957837","232.973618044","188.11088176","131.32469588","76.7874209696","34.7769314653","9.13007668635","-2.73649982064","-8.89257271687","-19.9197732822","-45.1158205832","-89.3673101684","-151.017534371","-221.302234366","-284.093068563","-308.610955007","-286.025845862","-232.950668126","-156.285449127","-65.2887983529","29.2562065463","117.258527815"
"0.00202105263158","231.054277118","54.1260257726","134.531279176","192.893307228","231.054277871","237.006559664","206.725495897","153.552215031","94.3150815641","43.6830711179","10.0246398651","-5.78060627066","-10.3837371034","-15.4889803741","-33.7051231247","-74.2999169085","-139.894094145","-224.505653395","-312.654158111","-363.94220184","-354.486905931","-307.403785746","-232.756477373","-140.052350043","-40.9130525143","54.1260270129"
"0.00303157894737","218.40057973","-7.1257813197","83.8590136301","156.356892271","218.400582698","247.840887922","230.60723378","179.613123155","114.283007249","53.5858798605","10.5610438069","-10.4266201361","-14.3945303925","-13.9447460654","-24.7980467496","-60.5017559263","-127.940752661","-224.0857813","-334.659386192","-415.767176089","-425.708146425","-385.186821283","-311.975416309","-216.283969639","-110.838276365","-7.12579343027"
"0.00404210526316","227.043019913","-51.4254024606","51.6951564127","142.77326246","227.043019787","273.342233781","263.258488829","210.722520075","137.524398494","66.1853217126","13.6455302009","-12.9866793802","-17.3876009405","-12.8493419049","-17.5420955739","-48.3931625306","-115.637244361","-218.630600897","-344.046003869","-452.418459608","-487.71494118","-453.784909712","-380.681492043","-280.002674508","-165.826174047","-51.4253589853"
"0.00505263157895","256.723329419","-81.6022640991","36.0958741708","151.069665893","256.723334089","314.710644565","306.45831511","248.432036826","165.050168811","81.9863763795","19.5277176398","-13.0808083636","-18.5947746004","-11.0078222827","-10.5854814294","-37.0390990007","-103.192838528","-210.237829965","-345.310075126","-476.32167116","-542.202962563","-516.848387601","-442.826055989","-334.528383646","-208.861790427","-81.6022692242"
"0.00606315789474","307.444420334","-95.6933179022","40.2646364451","182.519946178","307.444421257","373.951453633","363.292488701","295.225285418","198.357479546","101.528034429","28.0181863815","-11.108661566","-18.2181621179","-8.16031785654","-3.20885248223","-25.550882394","-90.0738331298","-199.315387831","-340.429302359","-485.659930154","-575.706447099","-571.989961536","-495.525414613","-377.873602706","-238.06829021","-95.6933200033"
"0.00707368421053","379.166475028","-74.0352684873","85.6103392353","244.286044084","379.166475114","447.323032858","431.773045554","349.460065511","236.850632126","125.637641708","40.9406723768","-5.02909288249","-14.7795751286","-3.84532943211","4.23212863943","-14.1476362239","-74.8679407956","-181.001757857","-319.639053315","-464.198937655","-568.293779246","-586.472064754","-511.31869571","-383.16144284","-230.061062114","-74.0352686259"
"0.00808421052632","462.418175127","5.45088270139","169.492984663","326.508458904","462.418089256","529.095373429","508.585643368","410.357738414","280.226942467","154.479042112","58.8041383639","5.64839991893","-8.07248147124","1.70141463606","11.1790773381","-3.29737610589","-57.3377162593","-153.615443454","-279.227617333","-408.234333289","-505.3886005","-524.826378946","-458.180182814","-322.743393579","-161.236612496","5.45088269829"
"0.00909473684211","505.824376451","80.447486504","230.533510894","379.404045589","505.82437643","581.661523479","564.688896758","463.330665235","319.614362723","182.243972502","77.4286835988","17.6012591637","-0.613155996011","6.82814200779","16.5182027532","5.33738051566","-41.7369434056","-126.783362007","-237.282664978","-348.113374074","-428.000892692","-441.957684827","-371.512758964","-236.765730381","-77.2231348916","80.447486819"
"0.0101052631579","481.179457774","93.1297463998","229.274158167","365.427341858","481.179457747","556.305792207","563.865894763","478.788151593","337.564602843","199.731784422","92.9137341737","29.4754808649","6.78416354221","10.2237256264","18.1874368741","9.12792402488","-31.1469693801","-104.639007015","-200.238289585","-294.997352181","-360.702349532","-369.703325593","-302.695757232","-178.803637788","-38.6576575165","93.1297479979"
"0.0111157894737","425.860490898","74.5873105343","196.395442069","319.293047371","425.860492393","499.016576666","525.286797149","466.21969235","341.330286881","210.545911259","106.425048819","41.3681104125","14.2195542485","12.6184296404","17.6255483825","9.84334996312","-24.0114790396","-86.3713495638","-168.134814117","-249.463706769","-305.471699895","-312.46968472","-254.394422098","-150.18829816","-36.7738706238","74.5873118251"
"0.0121263157895","362.521692339","41.4661350208","151.224180049","263.118017188","362.521692714","434.887749157","469.481109398","440.265590777","339.108971009","219.110268117","119.728207383","53.785795165","22.0542604005","14.9126222729","16.3777161474","9.29437344728","-18.8472667536","-71.3951436911","-141.484379345","-212.767942595","-263.64227149","-273.109679244","-227.044613115","-144.098395806","-55.8002020237","41.4661437448"
"0.0131368421053","292.893949572","-4.94061356729","94.549380538","198.265865396","292.893969745","366.002144681","407.529423823","402.645192861","328.933489851","224.946041278","133.149597988","67.2541659664","30.4941333842","16.761911422","13.6303123491","6.55487192969","-16.19610151","-59.308534005","-118.753139522","-182.238349013","-231.856067894","-249.097489536","-220.347929726","-159.475751","-90.52040992","-4.9405965526"
"0.0141473684211","211.921216865","-68.7080143364","22.3307583558","119.804753748","211.921216629","287.002477495","335.815448875","349.676568205","305.643018838","225.255634649","145.890554697","82.2375611936","40.5159676981","19.0372713594","9.82691692477","1.63733884324","-16.235776002","-50.0719696447","-99.3882735613","-156.717968861","-208.60316549","-239.292310764","-234.496007182","-197.535099633","-143.669921992","-68.7080157163"
"0.0151578947368","136.481619205","-131.390281138","-47.3366162343","45.6815899839","136.481619784","214.128451111","269.481453852","296.001599705","277.851570104","222.658797133","157.75534187","98.1522685534","52.7628151685","24.1573602097","8.73372251252","-1.39660127868","-15.723998913","-41.854251181","-82.6488877241","-135.184890154","-190.358845226","-235.160394852","-254.442516672","-239.241375193","-197.253910408","-131.390280991"
"0.0161684210526","78.7261490126","-183.267265571","-103.68488941","-12.7260072514","78.7261488516","159.7727946","221.227400559","256.855069505","258.488134068","224.633464869","172.12405777","115.772978646","66.8490713641","31.6818027714","10.4736587046","-1.7345282498","-13.3597348487","-33.1345829141","-66.863242213","-115.481953394","-173.680908753","-230.818526389","-271.374770018","-275.102892076","-242.433247154","-183.267264982"
"0.0171789473684","21.5362379351","-240.779615061","-163.99761988","-72.8708948678","21.5362378659","107.927439725","176.765719833","222.010782215","242.444299718","229.72940632","189.507056149","135.988601302","82.8872406844","40.4335852222","12.7494680614","-2.15150332222","-11.5836683221","-25.4212462751","-52.4884887917","-97.6076540042","-159.287323719","-229.251603184","-292.10333747","-317.080313161","-294.112019046","-240.779615042"
"0.0181894736842","-50.6094257706","-317.408703858","-242.918549317","-150.067653626","-50.6094251547","43.3758675732","121.840774576","179.411619653","222.729446481","234.719772505","208.969135987","158.794802243","100.67381458","49.3123183807","13.5106254713","-5.24546698776","-12.8523735102","-20.3784874511","-40.0624040669","-81.2052638897","-146.712831775","-231.128508306","-319.743641012","-372.595852374","-364.101347041","-317.408703804"
"0.0192","-118.9037244","-394.250790174","-321.226025629","-225.211158216","-118.903724281","-16.0234091794","73.3802187202","146.647934449","213.626980804","247.977551576","234.230452409","185.481083995","120.853797077","59.3029493842","14.241298345","-9.47925195573","-16.2126312654","-17.977374912","-30.1195300944","-66.1554664406","-133.193522758","-228.638521119","-338.904553312","-421.610902855","-433.81173034","-394.250787438"
"0.0202105263158","-172.688333753","-462.599255247","-389.712414476","-288.153130966","-172.688347268","-58.7292602162","42.9569501676","136.835581201","225.706606868","275.728038995","268.054675837","216.973346365","144.079323134","71.8414282519","17.4887713701","-11.5318401332","-18.3866959944","-15.87453331","-21.8148863734","-53.0405232064","-119.917000351","-222.082458186","-346.732246621","-456.397365471","-495.042904431","-462.599255251"
"0.0212210526316","-213.360665065","-524.352218011","-450.599580633","-340.556731358","-213.360670474","-86.8696108269","29.4510758299","149.130199305","258.774757908","319.454364487","312.59243009","255.183531109","171.665088311","87.6324090626","23.5551530955","-11.0999690679","-18.7757605812","-13.0598169536","-13.8900009005","-40.8081159659","-106.677704807","-212.799258899","-346.670331461","-477.910315391","-546.878721862","-524.352219013"
"0.0222315789474","-239.20482506","-575.848509502","-499.393005398","-379.951396368","-239.204825159","-98.3926640701","38.4239351449","184.646602892","312.060860338","380.460841118","370.640955158","302.465555817","205.105059641","107.313208931","32.3514540588","-8.56467281321","-17.6572439819","-9.43567766912","-5.82515129835","-28.7356291307","-92.9596142653","-200.998329498","-340.238824999","-483.823573284","-575.159391692","-575.848509783"
"0.0232421052632","-223.378603586","-579.254720988","-505.583878034","-375.563065701","-223.37860329","-70.1117609108","91.5066876542","251.450020977","385.88346965","454.767911529","440.119832493","357.190200185","243.902431946","131.888866752","45.9953954133","-1.56476256001","-13.2769923378","-4.34284094756","2.18417009786","-16.808577383","-76.8726040806","-180.900926722","-316.155953001","-456.669866133","-559.232945272","-579.254721217"
"0.0242526315789","-133.19912332","-499.291111749","-431.18044146","-292.336333933","-133.199130801","31.3080543976","190.749147026","346.84793509","478.680720816","545.504470151","524.432347846","424.15147461","291.650735363","164.236030441","67.1597094856","12.5453432434","-2.9349942242","4.87747946758","12.6567823062","-2.61254451611","-55.9114958293","-149.438743451","-270.175587044","-392.598508426","-483.07523763","-499.291127233"
"0.0252631578947","-59.3853451136","-419.001167573","-347.901596197","-213.868123931","-59.3854204956","89.3707767397","237.990271772","384.053261639","506.154913264","581.490331641","568.72194187","469.791462527","326.596975142","189.698033351","84.9205904821","24.3521581614","4.59883842038","10.0167351461","17.8615848023","5.77780319296","-40.6156612523","-123.069736762","-229.132240931","-334.275646165","-408.300379545","-419.001169414"
"0.0262736842105","-32.8982391894","-350.226791455","-284.12382006","-164.627718007","-32.8982391906","93.4376550365","227.465103152","359.504426382","471.153801461","545.054151335","557.694041777","477.498351129","340.034333072","204.83922189","99.5566651653","36.1776285526","12.2234957404","13.5911378414","19.5351894539","9.41284736746","-30.2933189473","-101.349025337","-192.892961376","-282.750697452","-343.820617207","-350.22678973"
"0.0272842105263","-35.7484501783","-296.959410002","-240.055560103","-140.710409202","-35.7484523986","74.3143231374","194.036678534","312.83021879","415.391445498","487.59364533","516.382440892","463.444729695","343.418597521","215.475982183","113.031158389","48.1940090362","19.9761038941","16.5101000658","19.6225463125","10.7261505978","-22.8657141551","-83.3984363012","-162.000038588","-239.509712037","-291.986127833","-296.959411497"
"0.0282947368421","-57.1254983051","-261.468098103","-217.705025064","-139.956069646","-57.125497753","39.3097095332","147.023745693","255.200967904","351.230493739","422.622916925","459.14747241","435.355236774","339.855455377","223.426973319","126.13679391","60.646680968","27.9351458824","18.9754787489","18.5546922252","10.3137137421","-17.7146636875","-68.759835751","-136.25632075","-204.553887661","-252.954633114","-261.468099392"
"0.0293052631579","-95.0460377395","-240.719900136","-216.082446359","-161.097915727","-95.046037755","-10.19247533","87.4666161706","187.818186039","279.672195786","351.973332863","395.223603761","394.875050975","327.657529789","228.659038922","139.716071068","74.5303874894","36.6896603548","20.8895705614","15.6397364085","7.28989281449","-15.3544453534","-56.9605380823","-113.973268193","-174.967622948","-223.061106865","-240.719900309"
"0.0303157894737","-150.197198844","-233.419184317","-233.73750955","-202.884409366","-150.197199026","-75.863462436","13.3183918515","107.819921574","197.439730876","271.849450698","322.091466887","339.488675858","302.101460607","227.910169418","152.255850616","89.8248251819","47.2262784494","23.6638922182","12.1940373273","2.53990071186","-15.4262377924","-47.971922547","-95.1519154023","-150.432009399","-201.444922","-233.419184069"
"0.0313263157895","-199.784073376","-229.235879128","-252.384186431","-241.719558689","-199.784094566","-134.050118882","-51.395159664","39.1693397684","127.935251246","204.915448596","261.163691647","289.967830528","276.786738885","226.519899033","164.506857095","105.80338435","59.6160626596","29.2250041967","11.8383915102","0.354695429526","-14.2237950864","-39.4510433195","-78.586755261","-129.416467002","-183.703229954","-229.235880394"
"0.0323368421053","-244.33664329","-225.75419959","-269.567877894","-277.26001113","-244.336643814","-185.155517876","-106.690456236","-17.6925283389","72.1652930406","152.81772405","215.08284368","252.693714174","258.753883821","229.445086413","179.470855044","123.768178584","73.8969406762","36.8670044012","13.6410816427","-0.0140349030194","-12.0496978102","-31.1424751786","-63.4596459651","-110.581543995","-167.987461877","-225.754200631"
"0.0333473684211","-300.294650998","-226.468486879","-293.19126593","-323.037871263","-300.294650821","-247.09999116","-171.383293997","-81.9322151535","11.2199215499","97.55273994","167.463337414","215.108072326","240.947286638","233.813753008","196.798711052","144.219089788","90.1524693952","45.6022422167","15.6167977987","-0.991172592879","-11.0128970309","-24.2798712036","-50.0515093156","-93.8991470089","-155.20914376","-226.468486085"
"0.0343578947368","-372.582860488","-229.059731921","-321.44783682","-379.880196447","-372.582843792","-326.070571669","-252.486681684","-161.064362232","-62.5928404299","31.4456879676","110.992549281","171.643411563","220.955102253","238.923375199","216.58453472","167.345910787","108.086686263","54.325034832","15.9068591438","-4.82892617049","-13.1964602452","-20.2010957404","-38.5373092694","-78.3118929519","-143.365369077","-229.059731615"
"0.0353684210526","-439.300693377","-225.816910296","-337.920847233","-424.926924758","-439.300693722","-399.4763411","-326.995267762","-231.880549508","-126.192372045","-23.0556762642","67.3736587395","144.505930245","216.521340371","255.116326072","243.409414183","194.781436004","128.691778771","64.704024858","17.0721490305","-8.68984071955","-16.4369458964","-18.0723972248","-29.228009236","-63.9929533341","-130.168883929","-225.816907259"
"0.0363789473684","-499.191476577","-219.098965752","-344.500624995","-457.332697068","-499.191478088","-466.426524397","-393.394329505","-292.29346938","-176.852483972","-62.5057921556","40.4227712514","139.366949867","232.723609907","285.748196312","279.056600028","227.370152702","152.659231859","77.8889448141","20.9956571946","-10.0655026119","-18.0726268783","-15.7131449674","-21.0060653282","-51.207371599","-117.191101912","-219.098964972"
"0.0373894736842","-548.972355565","-209.755632902","-343.966963193","-477.242248025","-548.972355591","-527.484607466","-452.858765394","-342.702481731","-215.014084809","-87.4799887683","30.7591840518","156.445484465","270.235950448","333.372930974","326.660983005","267.697041423","181.584097119","94.4802359986","27.5183340052","-9.33042339301","-18.2404793753","-12.7449909266","-13.0124434828","-38.9983451042","-104.004354602","-209.755633461"
"0.0384","-572.833381546","-197.34703093","-336.008115405","-479.658246507","-572.833384793","-575.305580979","-498.248532011","-377.779342574","-236.165094597","-94.3675760757","47.398861679","196.927235449","327.117066705","397.331041225","387.288294133","316.747978734","216.208793101","115.015483165","36.9539173299","-6.29656302664","-16.7770285769","-8.96362020013","-4.96141480724","-27.0016569045","-90.1905100472","-197.34702861"
"0.0394105263158","-543.373076303","-174.472519196","-306.315763621","-443.005718214","-543.373074573","-561.140232276","-487.789332963","-357.183875578","-204.455380596","-50.0516054976","113.76700304","273.040247852","406.705279539","475.2280583","459.727061377","373.379655371","256.328810741","140.830702929","51.8903707034","1.95140424953","-11.4292012971","-3.36563527232","3.16528141841","-14.9179841923","-73.1442455732","-174.47252388"
"0.0404210526316","-470.340094787","-145.684254572","-263.163156121","-382.319250936","-470.340092259","-485.657443972","-417.295126808","-281.79555393","-123.379352675","41.2186980447","197.401185772","351.454141429","482.459293735","552.973101115","534.561559982","434.46631455","300.004648535","170.241335486","70.6456982564","13.6683847029","-3.7126690186","2.96038290385","10.6083185137","-3.69514311877","-54.9935838231","-145.684251962"
"0.0414315789474","-396.61965917","-119.863038464","-222.82091743","-324.950693995","-396.619660493","-406.431889797","-335.305609354","-203.30785641","-51.995846487","92.891908803","237.18044672","380.181383796","501.040433954","577.865481568","571.232812758","475.572194465","332.30394461","194.454987272","88.1704109467","25.7834310049","4.28845627279","8.44510238663","15.897382445","4.51254946647","-40.0994606979","-119.863035211"
"0.0424421052632","-334.124293069","-98.6464977759","-187.390642934","-274.711784593","-334.124292092","-340.184299886","-275.131916266","-158.447159092","-29.7702567638","91.3308161286","221.047466668","349.941858962","460.214088517","534.733262941","552.813185029","477.578542148","342.539825262","207.976236323","102.360329727","37.8537358918","12.4300915688","12.4994184462","17.8383143181","8.15271919991","-30.020889228","-98.6464977483"
"0.0434526315789","-284.331281816","-81.2021932876","-157.418492762","-232.901358024","-284.331282697","-289.581542841","-234.056602259","-137.464235887","-35.5610696013","69.7897581896","185.629459933","301.694650152","402.828945411","475.348799824","506.909110395","460.283045239","344.433356831","218.071401133","115.985003218","50.4411079363","20.9060949768","16.0962723949","18.4107354151","9.67236031062","-22.7107170651","-81.2021938994"
"0.0444631578947","-246.829064335","-67.198308329","-132.511087531","-199.051012969","-246.829065431","-256.248873251","-214.369531179","-139.086496859","-59.3132734058","32.9778084181","137.19490522","243.007763783","337.766233154","409.454083875","448.096397567","429.814538651","339.485118756","225.713087542","129.465043641","63.5937457539","29.5655575333","19.0460550583","17.5057202088","9.09853714297","-17.9808083289","-67.1983078509"
"0.0454736842105","-218.378881065","-55.9340978192","-110.939167576","-170.442586377","-218.378880686","-237.675509459","-215.611613549","-162.879573211","-99.9023152605","-18.7081953569","75.9415085473","174.295018501","265.056160016","337.645672371","382.735027236","386.797154429","325.195060262","230.118058798","143.059551457","77.9413727782","38.8781966487","21.3657650332","14.7227663669","5.92478058248","-15.992313683","-55.9340974964"
"0.0464842105263","-197.965386457","-47.1226595477","-92.7130313605","-146.84430671","-197.965386843","-231.796431613","-234.759317369","-205.799774279","-155.913225614","-84.6725984674","1.96483240573","94.6927081067","183.252024486","257.692574425","309.337710542","329.787580554","297.654901918","228.166215652","155.188482094","93.4979521266","50.141411311","25.078674165","12.1730980902","1.8181445505","-15.8072228771","-47.1226596806"
"0.0474947368421","-180.809032767","-38.5783042241","-76.5738782403","-126.489702188","-180.809034453","-227.793187165","-253.106653292","-243.955424825","-204.227890497","-140.867321063","-60.2694684688","28.7395718822","116.466385","193.243692482","250.466838437","281.486113532","272.60182123","226.81334125","167.595650613","109.937148111","63.3393438985","31.7012840789","12.929521356","0.549862783168","-14.0883397827","-38.5783049945"
"0.0485052631579","-165.520240209","-30.5292927869","-61.9020283465","-108.169350896","-165.520239931","-224.540518762","-270.56415223","-280.084620394","-249.085617932","-191.8088305","-115.091616199","-27.4798869724","61.437706111","141.892516171","205.055744753","244.748080672","254.860718754","230.093174379","183.095413288","128.595808783","78.3917662086","40.0745919005","15.3056870958","0.497875731012","-11.8984051057","-30.5292925028"
"0.0495157894737","-153.006956746","-24.1868305315","-48.9710735538","-91.8563907344","-153.006956686","-225.521078107","-294.909252608","-327.458709909","-307.069796585","-255.603886453","-181.520326906","-93.3478027225","-0.977422623937","85.3152108943","156.241098687","206.213724986","236.560853595","234.488975743","200.861892151","149.670615701","95.2310466907","49.1695856291","17.3409849614","-0.714683695166","-11.3043686259","-24.1868305084"
"0.0505263157895","-140.825581691","-20.6700929183","-37.8836601927","-76.385102573","-140.825578151","-227.267837778","-322.042831397","-383.928315659","-379.952055032","-335.163712727","-263.12628901","-172.945519157","-75.1039109629","19.0053305467","99.7676751563","163.269341835","217.473291084","240.543512171","221.571089081","173.620187586","113.790795963","58.2266264786","17.6390018763","-4.85026990704","-13.9963993462","-20.670092912"
"0.0515368421053","-127.183380714","-18.4993625907","-28.6280887579","-62.0230939316","-127.183381082","-222.824720716","-336.29479813","-426.820871566","-445.332511568","-407.127353073","-336.018200133","-241.840796208","-136.581544651","-32.9436621306","58.8835378528","139.797432029","216.382462348","259.161469968","250.000976549","202.111553389","135.147967158","69.2025499789","19.3073034599","-8.32540270609","-17.0180431604","-18.4993625959"
"0.0525473684211","-113.919002761","-15.8345966506","-20.208081339","-49.0858732784","-113.919001661","-215.424070731","-341.495311911","-457.441801633","-504.353899378","-473.335604191","-401.378999479","-300.80560224","-185.332397619","-70.2238754612","34.6045868728","138.1841086","235.968294637","292.272654513","287.242241795","235.637076096","159.675959906","82.7943429114","23.6229257342","-9.28632138785","-18.2625072525","-15.8345966785"
"0.0535578947368","-100.743597419","-12.6148434007","-12.1280257555","-36.9242583423","-100.74360208","-205.793622628","-340.045628077","-475.093149071","-550.768287592","-533.032847866","-459.048876319","-349.284851357","-221.136687101","-92.3704504181","28.4085324286","158.993711213","276.593799147","342.347631471","336.530877329","276.951861964","189.174117469","99.7969738679","30.5240799433","-8.1505178158","-18.0623340482","-12.6148433534"
"0.0545684210526","-86.9949930146","-8.56947211834","-4.14782801108","-25.1748944484","-86.9949928433","-192.75814486","-330.243283581","-473.398996003","-569.132339319","-575.925797542","-499.58871087","-379.311993267","-237.226294031","-94.2551382021","51.96099138","203.813992017","336.173995407","407.992516441","398.512286696","326.797844248","224.372259342","120.948787489","40.6695747607","-4.38705961156","-16.0255613359","-8.56947210949"
"0.0555789473684","-70.0979769548","-2.7312935321","3.83074771693","-13.4424346986","-70.097975379","-169.228847386","-298.484072856","-432.516297482","-532.287595302","-550.603318767","-480.125751311","-349.780377447","-197.037166254","-41.0303830339","123.864778085","282.464497377","417.082166206","486.289284275","471.57261053","383.837186858","264.782240557","147.211217648","56.2595233873","4.59182829999","-10.0919412542","-2.73130374291"
"0.0565894736842","-52.6341191454","3.55009311521","11.0152524649","-2.71389242774","-52.634120157","-141.164711565","-255.958087516","-372.170224781","-457.732414386","-472.657900441","-403.933720149","-270.50860047","-112.531231271","51.095641972","204.62702691","356.671665445","486.46016361","559.968366339","543.295059799","443.656876798","307.596814518","176.137606464","74.8592233517","16.3414396755","-2.30548637484","3.55009308218"
"0.0576","-38.7314169558","8.75407836609","15.7315757434","4.66957817749","-38.7314194261","-116.439250369","-216.852904828","-316.363204237","-385.878912482","-395.119464121","-324.561891204","-194.63054021","-46.2864610464","94.8894579139","235.755986456","376.119354942","495.686881023","572.936147002","571.494854464","479.311578687","336.619315734","198.607075481","91.6830964032","28.2721023278","5.60231419804","8.75407846879"
"0.0586105263158","-29.3625159794","12.6628103273","17.3073907093","7.74535953555","-29.3625146645","-96.0877171636","-182.501305751","-267.625383541","-325.548079577","-331.412805761","-267.81510064","-154.156629084","-29.0315934187","88.2340229983","214.636323383","340.918634937","450.019238257","524.701435497","546.877436335","476.367082154","344.206785367","210.756639983","105.359608339","40.2537718277","13.7349781942","12.6628102855"
"0.0596210526316","-22.542531096","16.13624778","17.6543007574","8.9184850564","-22.542531838","-79.3723891935","-153.600879467","-227.415816697","-278.070098897","-283.84643687","-230.23283575","-136.817472892","-38.2207232898","63.8461604955","176.87009815","290.811245453","390.851318496","463.612481884","496.998840703","456.079038151","344.526290275","220.027203023","118.629628995","52.7187598684","22.140187366","16.1362477736"
"0.0606315789474","-18.3213286391","18.8790048244","16.4195800207","7.91231975556","-18.3213306397","-65.9871980571","-129.531411542","-194.796645655","-242.420415165","-253.192145792","-213.94988265","-141.753602438","-64.8332233239","24.7662885507","126.629458817","230.878227827","324.846127293","396.846249786","436.98328196","423.278400151","337.875044301","226.809042619","131.751215418","65.7381746522","30.6850023096","18.8790047776"
"0.0616421052632","-16.6586790309","21.2218331027","13.5097760004","4.48574924335","-16.6586790352","-55.1074860683","-108.482880988","-167.021526023","-215.379524321","-236.892992573","-218.351631363","-168.800902857","-108.276383769","-29.4353746876","63.3624719624","160.552355862","250.875404026","323.901694247","370.391835032","377.890346","321.422751812","230.161740066","145.011358808","80.1174854974","40.1108440866","21.221833109"
"0.0626526315789","-16.2490592214","25.3349815393","11.3890393512","0.742225383182","-16.2490594887","-46.2533377337","-90.4237375452","-143.791764197","-195.523641428","-231.747373962","-238.327565651","-212.255002008","-164.617245725","-95.3698453196","-10.2178370555","81.6495199152","170.044137839","245.018465347","297.8947922","320.641241426","292.983627353","227.608014148","156.880650396","95.7169758724","51.6425614226","25.3349815444"
"0.0636631578947","-14.0892051998","32.3642523039","12.6706382633","0.0170413332682","-14.0892051922","-37.459734263","-74.265508784","-123.58049095","-178.52974212","-227.734061297","-256.423635339","-249.96781638","-212.179234806","-150.380331555","-70.8234440783","17.7518940184","105.606366305","183.032750725","241.405142813","274.114952793","268.739203407","226.592791538","169.4369436","112.294979301","65.0903978207","32.3642523459"
"0.0646736842105","-11.7561963338","40.9014937262","15.2836698004","0.198592742998","-11.7561963332","-29.43447149","-59.8394349572","-105.737024266","-163.911203102","-225.276074104","-274.899664004","-287.467105125","-258.269657531","-202.180998121","-126.044983128","-38.4630953954","50.874622298","132.11384616","196.399102421","237.648974089","250.877191756","229.647940047","184.760362587","130.876570162","80.1902997492","40.901493736"
"0.0656842105263","-11.6284968166","49.8884656081","17.1165251073","-1.34990921392","-11.6284968587","-23.6615507829","-47.5551340057","-90.1430656255","-152.208419608","-227.217966881","-300.596920515","-337.048681561","-318.924097808","-268.470818928","-194.697225631","-106.296735449","-13.3239418577","73.8445722539","145.965267574","197.634624178","231.403645213","233.250555266","202.095922557","151.759450804","96.9398387511","49.8884657385"
"0.0666947368421","-14.8221789955","59.1143869398","17.4418241572","-5.69834766569","-14.822179032","-20.8971870179","-37.3311491905","-75.4237327575","-140.391043165","-228.681283238","-326.72675844","-392.790094275","-391.94621613","-348.110549854","-276.279470941","-185.726504269","-87.2124776167","7.78207868767","89.7236433725","155.358558179","213.014542377","239.751642783","223.086087935","175.942966455","115.723373263","59.1143867464"
"0.0677052631579","-18.0314188739","70.620819647","19.5117328078","-9.01389339456","-18.0314188622","-19.2810589594","-28.8769913006","-61.8392547161","-127.104207998","-223.72781519","-339.201512595","-433.575326721","-456.088123515","-418.869142968","-347.865101723","-253.235034267","-147.159420222","-42.5512004615","50.6109803715","134.433360414","214.471258263","260.14855226","252.659390338","205.217171949","137.702561095","70.62081953"
"0.0687157894737","-19.3863363861","84.751182139","24.1789476269","-9.83362984767","-19.3863364471","-16.9738859691","-20.9714582599","-49.3846089467","-114.005066326","-215.850314084","-342.958431331","-462.007996216","-513.726403386","-484.103161001","-412.287587486","-311.0558089","-194.618333896","-78.3909791491","28.1239147836","135.542486208","236.8158921","295.429299684","291.440320962","239.804503617","162.98151618","84.7511834966"
"0.0697263157895","-19.2445597015","102.200113878","31.3144992643","-8.61459789648","-19.2445597507","-13.9376654774","-13.1388320174","-37.4104885211","-100.74662503","-205.608395154","-340.089560123","-476.637273944","-555.606053123","-541.909465191","-468.032718918","-357.714967382","-228.26682571","-98.211701939","25.2029049673","159.709966886","280.331112378","347.961067257","342.606118979","282.345005339","193.232824518","102.200117021"
"0.0707368421053","-16.875367349","123.899734454","41.9897089327","-4.36971922841","-16.8753676582","-9.77100507688","-5.18455104076","-25.6025337324","-86.4612428371","-191.050867666","-327.29316912","-469.497507175","-567.148099295","-578.175809267","-502.497126326","-381.62885496","-238.542282515","-94.4174823931","55.538935649","209.379954221","342.943017391","415.544007621","406.231859455","333.183099695","229.075364235","123.899734547"
"0.0717473684211","-10.4941492335","150.530693335","58.0272914174","5.10349046897","-10.4941492822","-3.61646698519","2.99442301661","-13.6247162842","-68.9751300846","-166.165126854","-292.988350622","-424.345113363","-523.08388327","-542.027917518","-474.298468066","-343.656210036","-190.874680353","-32.9253015982","131.459092114","289.261752217","424.655088339","494.229800851","479.991947841","390.8449038","269.867254787","150.530693989"
"0.0727578947368","0.586223266972","181.879832443","79.3303662191","19.9157519211","0.586223278462","5.94262647365","13.2216554714","-0.142025593053","-48.8630509166","-135.099791598","-246.488129103","-358.347143657","-439.354548092","-451.784971363","-381.156053921","-247.278263739","-89.5955641114","71.2347206869","221.572329914","370.65109998","497.448450015","571.309543226","554.302403455","453.731476978","315.181543277","181.879835714"
"0.0737684210526","8.52142082062","201.550334735","95.2025022415","31.7620759761","8.52142063052","10.854055638","17.2304416425","6.26683538699","-35.9952594551","-111.390843092","-208.548752849","-304.351178271","-370.435597581","-378.006313132","-307.828589058","-180.218495427","-35.7161700145","100.083129258","237.388438745","374.15135984","490.638856025","566.647066638","568.822228371","479.890411155","338.582584442","201.550333978"
"0.0747789473684","16.7376962068","212.912864712","108.694007173","43.8215881466","16.7376967617","14.6999159382","18.5346178391","8.85687439485","-27.3282404807","-92.0233303793","-175.577197374","-257.594376787","-312.880637691","-317.457273588","-254.816546064","-144.433203695","-24.3648402882","89.2627309331","212.152112823","334.961456003","441.276112566","514.729412155","539.229085095","473.185917717","344.416373895","212.912862471"
"0.0757894736842","25.0555629597","221.837431075","121.868716707","56.2583509362","25.0555630921","17.9567734438","18.4903453529","9.41794261097","-21.4111138597","-76.6344554542","-148.569493371","-220.006602455","-268.871683667","-274.092273713","-221.756001858","-131.5870835","-37.0921675793","61.9944756326","172.110499105","283.09891494","381.041457901","452.768664725","486.986406717","450.985282548","343.880383541","221.837431343"
"0.0768","33.4399775658","228.068828916","134.968875556","69.3413446747","33.4399774975","20.1827452018","16.4066749093","7.35456621191","-18.3181074769","-64.3944100533","-125.750288182","-188.970937264","-235.481008065","-246.708697644","-209.799252142","-141.069515705","-67.3879032323","19.6536450622","118.830078072","220.679720414","312.994045339","384.541438355","425.423338308","415.778560519","335.615956129","228.068825046"
"0.0778105263158","43.122323232","230.156600292","148.112501474","84.0648791047","43.1223229332","22.380177387","12.8797842878","2.96078828055","-17.7736273411","-54.6394729136","-105.86588942","-162.641918177","-210.616602092","-233.863105263","-219.206366161","-173.761160781","-115.960937958","-39.5646258753","50.8258723744","146.002638022","235.131389493","308.014405913","355.607031144","366.471401407","316.071932484","230.156602938"
"0.0788210526316","55.0026580299","227.528358515","159.964533305","99.8186672086","55.002658038","26.9675305219","11.212556669","-0.527674309465","-17.4606327271","-46.3093538067","-88.7376917033","-140.608407666","-191.998409641","-229.737331385","-239.732554145","-216.981376258","-171.376384874","-104.199377097","-21.0697320368","69.1734071981","156.584773131","231.516249746","285.355180433","310.366663041","287.737490421","227.528359346"
"0.0798315789474","68.5279768948","228.036435403","173.242747002","116.653195201","68.5279774952","34.073780511","12.6132364263","-1.16502557823","-15.3729552923","-37.8518828584","-73.1964070604","-121.161762655","-175.638968378","-225.849241557","-257.147711311","-253.236932591","-216.866366743","-156.532948171","-78.3539945626","9.17259424968","96.5211964735","174.165114783","233.499594221","267.924727945","266.191996604","228.036435102"
"0.0808421052632","83.8756737771","231.552392144","189.113268915","135.691660733","83.87567445","42.6038313897","14.9871087479","-1.39661683347","-13.5613986226","-30.4164076119","-59.4399645434","-104.131186421","-162.07513634","-224.796912119","-277.549336682","-293.330153991","-265.721208476","-210.930271975","-135.846137888","-48.8511406583","40.5486432253","122.546201589","188.256146651","231.587106093","248.598326465","231.552392483"
"0.0818526315789","100.753609082","234.883615702","206.74236877","156.955290872","100.753609423","51.3252207981","16.2250419239","-3.6809285872","-14.0867295115","-25.0667146455","-47.3657324544","-88.748539042","-150.965104728","-228.182023876","-306.056749402","-347.48516838","-331.999136814","-282.996975529","-210.028981967","-121.758981547","-28.0666906779","60.5132777713","134.697047956","189.209365619","227.863716965","234.883615002"
"0.0828631578947","120.097079","244.005078925","229.388903137","182.111741081","120.097079238","60.8959789674","16.7960085944","-7.85929792686","-17.2020162936","-22.3175261193","-37.1851750222","-73.9394626965","-138.660383604","-228.43261488","-329.969086817","-401.100370787","-403.840738416","-361.319442164","-289.906627546","-198.954768056","-99.2240204349","-2.38101322977","81.8873217567","150.864588248","213.119224366","244.005078573"
"0.0838736842105","142.606659832","267.436416475","260.609324347","212.207108135","142.606660519","73.0017082595","19.6746795736","-10.24415467","-19.5817288315","-20.2016129238","-28.6639238581","-60.6061575805","-125.575779104","-223.060878659","-340.710650978","-439.442425831","-466.317969851","-430.146319413","-359.018003059","-263.256230715","-155.287343456","-48.4045170644","47.3813602938","135.250341831","219.223232864","267.436416308"
"0.0848842105263","168.913819435","306.147972932","301.773059216","248.339321995","168.91382184","87.9206994343","25.0637591407","-10.3524764962","-20.2965532136","-17.4237892142","-20.5219854587","-48.1176379203","-112.472246215","-214.902897245","-343.481960204","-466.064200839","-522.863216981","-494.394947771","-421.899002041","-318.886489835","-199.890019991","-80.8901542962","28.6759350982","140.922364159","245.90896922","306.147972687"
"0.0858947368421","200.789237701","362.392040927","356.118168942","293.22164638","200.789238995","106.474859209","32.962470588","-8.55153081321","-19.6812661624","-14.0108230708","-12.4317973343","-36.024667864","-99.1995417751","-204.641560745","-340.378459496","-479.272623901","-561.963964409","-551.905195781","-476.925649801","-364.150777274","-231.597137158","-98.2500884741","29.7549294245","169.13767467","293.283250246","362.392042949"
"0.0869052631579","237.745062178","433.321553652","422.324036549","345.627796973","237.745063171","129.280463854","44.8851104875","-2.99014952204","-16.1436506091","-9.01295893741","-3.98482537156","-23.7830794069","-83.9697230368","-187.842586454","-323.225267902","-464.456312063","-563.335305773","-577.063753583","-500.654247674","-376.993300748","-231.089765853","-84.1249928326","70.5153396941","226.730775661","361.148018357","433.321547647"
"0.0879157894737","279.58358447","514.886624572","498.421384569","404.983499104","279.583584728","156.800306944","61.8929204817","7.51945504601","-8.81427817053","-2.16657284948","4.61824394014","-11.4004708859","-65.5713807406","-160.778938804","-284.662965279","-412.119732802","-507.516498545","-524.672126826","-456.756531027","-323.479584536","-168.524893241","-7.71483057243","155.441615411","311.926645234","446.624545655","514.886537556"
"0.0889263157895","319.788880028","574.742830001","559.683103803","460.006225177","319.788879307","184.788802784","80.7177197553","20.0614296883","-0.152407252456","4.74253030246","12.057780793","-0.731662731869","-48.343165081","-132.954187627","-242.343422336","-351.989801344","-431.014843651","-443.31990523","-372.569608413","-239.142765951","-82.444155852","75.2396176489","224.072188631","372.299830671","498.421862485","574.742829063"
"0.0899368421053","340.33941447","558.954354533","565.956460083","480.544759303","340.339416653","203.540052901","96.9482231695","32.8289994774","8.68345852886","10.1662053796","16.0825106859","5.31092295023","-36.0009618311","-109.740505456","-204.810155803","-298.482073822","-362.861376431","-370.103175918","-301.00312916","-175.760644041","-34.4463630208","97.0016969629","232.259719126","367.343842081","482.560805271","558.95435514"
"0.0909473684211","344.702626372","503.500487183","531.057667605","470.181776304","344.702626851","214.558669462","110.787947609","45.4959055156","17.4227227553","14.2546783777","17.2985419611","7.54924107018","-27.8336954214","-90.9508687308","-172.500007348","-252.617490866","-306.655625481","-311.194410278","-250.197128659","-143.172664771","-27.7903196909","83.1749423501","203.848147776","324.819546692","429.915971252","503.50049445"
"0.0919578947368","342.874663338","440.288109374","476.170008643","445.469638279","342.874663365","223.01387093","123.960987204","58.1089441348","25.8841810236","17.5297643209","17.1406737579","7.90983689671","-22.1614722157","-75.8853575253","-146.002983875","-215.933733301","-264.198173726","-270.168465872","-220.178310992","-133.68993303","-43.2624194104","53.5727421811","161.802303833","271.250794603","368.355734604","440.288108825"
"0.0929684210526","333.387468383","372.014256321","414.242639738","408.699133891","333.387467499","228.87169205","137.205349246","71.5883065254","34.7155030342","20.1448203169","15.3563002923","6.07189650243","-18.8990242219","-63.5629955614","-123.299447142","-185.390868868","-231.908556046","-244.697111401","-210.943858272","-145.931012307","-75.2110454528","9.94090419986","107.598576443","208.313650107","300.123657994","372.01425633"
"0.0939789473684","311.850387138","294.424267284","343.284350541","357.180218859","311.85038717","230.224376687","150.534108486","87.0309716276","45.2891327707","23.1414734849","12.392788185","1.97968793994","-18.2647622341","-53.8649117246","-103.611483356","-159.475048435","-207.858127287","-233.319488911","-222.58289121","-180.974532945","-125.469750845","-50.8129331702","38.2169804782","132.436031337","221.183153736","294.424268241"
"0.0949894736842","283.489620788","219.865393053","274.783848001","301.879450202","283.489620511","227.583386189","162.607180069","103.297424947","57.9364381466","28.6400063668","11.6203375266","-0.793046903093","-17.5302863925","-45.4383795054","-86.656943699","-137.739859992","-189.473566119","-229.177251186","-242.722199513","-223.258050255","-179.489194462","-113.828902299","-31.9314640009","57.4376590183","144.573280666","219.865392385"
"0.096","262.62451417","163.977402715","224.421666223","260.651611752","262.624514091","228.595578414","176.36825776","120.626179143","71.9540054804","36.1924338424","13.3572277882","-1.26662180757","-15.4825887067","-37.2059243476","-71.4591447797","-118.638191186","-173.321493995","-225.227984923","-259.791782742","-259.000374255","-224.297345829","-165.340016627","-88.2635049509","-1.41990969018","85.826407787","163.977402806"
